<?xml version="1.0" encoding="UTF-8"?>
<application-client version="8" xmlns="http://xmlns.jcp.org/xml/ns/javaee" xmlns:xsi="http://www.w3.org/2001/XMLSchema-instance" xsi:schemaLocation="http://xmlns.jcp.org/xml/ns/javaee http://xmlns.jcp.org/xml/ns/javaee/application-client_8.xsd">
  <display-name>TellerTerminalClient</display-name>
  <ejb-ref>
    <ejb-ref-name>AtmCardSessionBeanRemote</ejb-ref-name>
    <ejb-ref-type>Session</ejb-ref-type>
    <remote>ejb.session.stateless.AtmCardSessionBeanRemote</remote>
  </ejb-ref>
</application-client>
